Summary,,,,,,,,,,,,,,,,,,,
Ion,Tran.,Type,A,w [/cm],dw [/cm],X,Ref.,l [Angstroms],dl [Angstroms],dv [m/s],Lower state,Upper state,ID,IP- [eV],IP+ [eV],f or %,Gamma [/s],q [/cm],dq [/cm]
NaI,5891,CMP,22.9898,16973.366206,0.000043,1,,5891.583248,0.000015,0.76,3\rm{s}~^2\rm{S}_{1/2},3\rm{p}~^2\rm{P}_{3/2},a_1,5.14,47.29,0.6408,6.157E+07,62,2
,,ISO+HYP,23; 22.9897692809,16973.401853,,4,"Beckmann:1974:173,Juncar:1981:77,Yei:1993:1909",5891.570875,,,F=1,"F=0,1,2",,,,37.5%,,,
,,ISO+HYP,23; 22.9897692809,16973.344818,,4,"Beckmann:1974:173,Juncar:1981:77,Yei:1993:1909",5891.590672,,,F=2,"F=1,2,3",,,,62.5%,,,
,5897,CMP,22.9898,16956.170247,0.000043,1,,5897.558148,0.000015,0.76,,3\rm{p}~^2\rm{P}_{1/2},a_2,,,0.3201,6.139E+07,45,2
,,ISO+HYP,23; 22.9897692809,16956.208494,,4,"Juncar:1981:77,Wijngaarden:1994:67,Yei:1993:1909",5897.544845,,,F=1,"F=1,2",,,,37.5%,,,
,,ISO+HYP,23; 22.9897692809,16956.147299,,4,"Juncar:1981:77,Wijngaarden:1994:67,Yei:1993:1909",5897.566130,,,F=2,"F=1,2",,,,62.5%,,,
END,,,,,,,,,,,,,,,,,,,
